{
    "A":[{
        "value":"安全防护",
        "label": "安全防护",
        "spell": "Anquanfanghu"
    }],
    "B":[{
        "value":"包装印刷",
        "label": "包装印刷",
        "spell": "Baozhuangyinshua"    
    }],
    "C":[{
        "value": "产权服务",
        "label": "产权服务",
        "spell": "Changquanfuwu"
    }],
    "D":[{
        "value": "电子元器件",
        "label": "电子元器件",
        "spell": "Dianziyuanqijian"
    }],
    "E":[{
        "value": "饿了吗",
        "label": "饿了吗",
        "spell": "Erlema"
    }],
    "F":[{
        "value": "福利彩票",
        "label": "福利彩票",
        "spell": "Fulicaipiao"
    }],
    "G":[{
        "value": "供热系统",
        "label": "供热系统",
        "spell": "Gongrexitong"
    }],
    "H":[{
        "value": "化工行业",
        "label": "化工行业",
        "spell": "Huagonghangye"
    }],
    "I":[{
        "value": "it设备",
        "label": "it设备",
        "spell": "Itshebei"
    }],
    "J":[{
        "value": "家居软装",
        "label": "家居软装",
        "spell": "Jiajuruanzhuang"
    }],
    "K":[{
        "value": "可口可乐",
        "label": "可口可乐",
        "spell": "Kekoukele"
    }],
    "L":[{
        "value": "老字号",
        "label": "老字号",
        "spell": "Laozihao"
    }],
    "M":[{
        "value": "妈妈米亚",
        "label": "妈妈米亚",
        "spell": "Mamamiya"
    }],
    "N":[{
        "value": "牛股推荐",
        "label": "牛股推荐",
        "spell": "Niugutuijian"
    }],
    "O":[{
        "value": "欧洲旅游",
        "label": "欧洲旅游",
        "spell": "Ouzhoulvyou"
    }],
    "P":[{
        "value": "皮鞋",
        "label": "皮鞋",
        "spell": "Pixie"
    }],
    "Q":[{
        "value": "期权",
        "label": "期权",
        "spell": "Qiquan"
    }],
    "R":[{
        "value": "日本制造",
        "label": "日本制造",
        "spell": "Ribenzhizao"
    }],
    "S":[{
        "value": "社区服务",
        "label": "社区服务",
        "spell": "Shequfuwu"
    }],
    "T":[{
        "value": "提款机",
        "label": "提款机",
        "spell": "Tikuanji"
    }],
    "U":[{
        "value": "u盘",
        "label": "u盘",
        "spell": "U盘"
    }],
    "W":[{
        "value": "物流运输",
        "label": "物流运输",
        "spell": "Wuliuyhunshu"
    }],
    "X":[{
        "value": "学生产品",
        "label": "学生产品",
        "spell": "Xushenchanpin"
    }],
    "Y":[{
        "value": "云端产品",
        "label": "云端产品",
        "spell": "Yunduanchanpin"
    }],
    "Z":[{
        "value": "智能家居",
        "label": "智能家居",
        "spell": "Zhinengjiajui"
    }]
}